[{"@type":"mappingTemplate","id":"@1","name":"ER-8728-1-GIT-12","description":"","bundleVersion":"0","templateId":"@3","deployTime":1642402654000,"hasParameters":false,"valid":true,"fixedConnection":true,"hasParametersDeployed":false,"fixedConnectionDeployed":true,"tasks":0,"mappingPreviewFileRecordId":"@2","documentType":"MAPPING","references":[{"@type":"reference","refObjectId":"@cqfPMZj5eeik0F4PhNqKmZ","refType":"connection"},{"@type":"reference","refObjectId":"@cHp7a2wQCA0eq33d50mzc0","refType":"connection"}]}]