[{"@type":"drsTask","id":"@1","name":"RPS","description":"ER-8728","maxLogs":10,"sourceConnectionId":"@6UkvU5ETmiBbjKDLlL1yOj","targetConnectionId":"@cHp7a2wQCA0eq33d50mzc0","tablePrefix":"SF_","verbose":false,"fullRefresh":true,"replicateAllObjects":false,"removeDeleted":true,"queryAll":false,"srcShowLabels":false,"maxRows":0,"stopOnError":true,"replicationObjects":["account","port","roles"],"excludedReplicationObjects":[],"majorUpdateTime":1654858050000,"metadataMode":0,"bulkApi":false,"base64BodySize":0.0,"bulkApiDBTarget":false,"fieldExclusions":[],"filters":[],"advancedFilters":[],"srcRuntimeAttrs":{"@type":"taskRuntimeAttrs","attrs":{}}}]